order_id,order_date,amount,product_id
5001,2022-02-18,3566.36,P2020
5002,2022-02-19,1764.19,P2005
5003,2024-08-09,6848.98,P2073
5004,2024-04-15,6417.9,P2060
5005,2024-07-07,3184.29,P2065
5006,2021-04-03,5946.67,P2023
5007,2024-09-16,5916.56,P2092
5008,2022-03-01,1989.57,P2011
5009,2021-09-19,4754.38,P2007
5010,2024-01-21,2428.39,P2077
5011,2022-12-11,2143.32,P2036
5012,2021-09-17,356.68,P2012
5013,2024-04-28,740.06,P2002
5014,2023-01-31,1061.69,P2070
5015,2022-04-15,6946.17,P2008
5016,2022-10-03,5063.14,P2078
5017,2024-10-13,6336.06,P2009
5018,2023-12-15,4320.67,P2003
5019,2021-12-05,5563.73,P2096
5020,2024-11-20,723.55,P2073
5021,2022-07-06,5034.27,P2043
5022,2023-10-19,2564.07,P2005
5023,2023-08-19,2818.3,P2059
5024,2021-09-03,3012.15,P2083
5025,2022-07-30,2268.37,P2061
5026,2024-10-22,4041.59,P2019
5027,2023-08-28,5510.74,P2039
5028,2024-04-11,5387.83,P2051
5029,2024-01-10,4431.39,P2091
5030,2024-01-16,5241.89,P2079
5031,2022-04-22,5155.66,P2051
5032,2024-01-22,1344.98,P2050
5033,2022-02-15,2931.1,P2088
5034,2022-07-08,518.9,P2023
5035,2024-08-01,84.17,P2096
5036,2023-05-12,4036.25,P2081
5037,2022-10-14,74.03,P2076
5038,2021-06-25,4468.31,P2028
5039,2021-08-09,1560.79,P2019
5040,2021-10-01,2721.04,P2042
5041,2024-06-02,6474.67,P2038
5042,2021-10-04,6031.46,P2051
5043,2022-11-06,3179.45,P2099
5044,2021-04-23,469.04,P2010
5045,2023-07-09,5848.91,P2091
5046,2021-11-18,478.42,P2074
5047,2023-07-24,4944.7,P2043
5048,2024-09-23,1886.52,P2005
5049,2021-08-09,2035.36,P2046
5050,2021-02-20,97.19,P2014
5051,2023-12-04,4951.41,P2082
5052,2022-06-05,1727.34,P2057
5053,2024-11-28,1422.38,P2090
5054,2021-12-06,5818.38,P2006
5055,2024-06-04,4086.17,P2024
5056,2022-05-25,415.2,P2050
5057,2024-04-12,3957.49,P2028
5058,2021-10-03,381.41,P2100
5059,2021-09-09,1285.04,P2045
5060,2023-05-15,2433.59,P2001
5061,2021-03-18,5723.42,P2023
5062,2021-07-04,3760.31,P2065
5063,2022-06-25,2708.94,P2040
5064,2023-12-09,1072.77,P2015
5065,2022-07-31,2480.0,P2072
5066,2022-02-06,2657.91,P2077
5067,2024-12-18,3888.12,P2053
5068,2024-12-13,3981.29,P2089
5069,2021-09-02,6093.22,P2054
5070,2024-01-07,2084.19,P2030
5071,2022-12-11,1065.25,P2015
5072,2022-08-29,3696.01,P2007
5073,2021-12-31,230.85,P2024
5074,2023-07-13,3939.08,P2061
5075,2023-03-31,6208.21,P2042
5076,2022-12-29,4743.96,P2016
5077,2024-08-30,6530.44,P2099
5078,2022-07-06,5741.97,P2099
5079,2022-10-29,991.09,P2027
5080,2024-05-02,1667.83,P2052
5081,2022-01-06,1997.89,P2064
5082,2024-05-21,1960.94,P2072
5083,2021-08-11,1014.53,P2044
5084,2021-03-11,3395.51,P2025
5085,2022-08-17,1300.11,P2068
5086,2021-05-20,1562.91,P2055
5087,2021-09-19,6116.27,P2064
5088,2024-02-21,1310.77,P2058
5089,2021-07-11,3495.4,P2096
5090,2023-12-22,2395.2,P2032
5091,2021-01-15,4345.08,P2039
5092,2024-01-18,6774.62,P2044
5093,2021-09-28,715.15,P2053
5094,2021-07-13,4684.4,P2016
5095,2021-04-29,390.75,P2099
5096,2021-05-25,2850.82,P2050
5097,2024-06-30,5726.17,P2089
5098,2022-02-18,1811.36,P2033
5099,2021-08-14,6636.6,P2080
5100,2022-06-30,2773.48,P2042
5101,2021-01-27,3712.97,P2036
5102,2024-03-07,1473.82,P2064
5103,2022-12-09,3681.93,P2065
5104,2023-09-13,1652.99,P2040
5105,2023-09-23,2538.59,P2022
5106,2022-06-18,6570.71,P2090
5107,2023-01-10,4362.49,P2060
5108,2021-04-15,5381.97,P2060
5109,2021-09-19,1439.5,P2006
5110,2023-01-28,4242.72,P2024
5111,2023-01-24,5109.68,P2015
5112,2024-08-05,200.75,P2068
5113,2024-08-22,1283.64,P2058
5114,2022-07-03,6203.21,P2014
5115,2023-08-15,4139.19,P2082
5116,2022-12-09,2217.93,P2072
5117,2023-10-15,3104.94,P2067
5118,2022-06-10,2815.71,P2039
5119,2021-01-13,6357.18,P2066
5120,2022-07-22,1367.19,P2004
5121,2022-01-05,5218.01,P2063
5122,2021-11-17,3657.88,P2007
5123,2024-04-18,2989.34,P2027
5124,2022-11-27,4759.1,P2086
5125,2023-01-21,2209.1,P2083
5126,2022-08-10,3200.65,P2087
5127,2023-10-25,1171.07,P2051
5128,2021-09-01,2574.97,P2057
5129,2023-06-28,5691.28,P2079
5130,2021-03-22,6320.24,P2031
5131,2024-01-31,3410.55,P2038
5132,2024-05-21,6814.28,P2091
5133,2024-05-23,41.1,P2072
5134,2024-01-31,3687.8,P2039
5135,2024-07-06,5285.19,P2011
5136,2024-02-05,906.88,P2021
5137,2022-04-29,2445.11,P2051
5138,2023-02-28,6409.69,P2032
5139,2023-05-27,4811.8,P2038
5140,2023-01-14,6281.59,P2027
5141,2024-08-08,2541.78,P2094
5142,2024-02-21,4755.28,P2005
5143,2023-02-07,6566.63,P2011
5144,2021-12-05,1965.36,P2001
5145,2024-11-15,6502.33,P2063
5146,2021-08-18,710.42,P2045
5147,2022-11-25,5492.34,P2001
5148,2022-12-03,3811.93,P2039
5149,2022-02-22,3710.05,P2079
5150,2021-12-31,1236.55,P2024
5151,2023-10-31,2266.59,P2006
5152,2021-02-11,5490.36,P2025
5153,2022-07-26,6598.7,P2054
5154,2024-08-04,3824.49,P2049
5155,2022-07-29,1200.56,P2057
5156,2023-03-25,5364.26,P2012
5157,2024-04-08,783.13,P2035
5158,2021-04-22,4072.45,P2056
5159,2024-09-02,1173.94,P2031
5160,2022-02-14,1464.31,P2043
5161,2021-11-19,626.22,P2065
5162,2021-05-25,2277.24,P2054
5163,2024-09-30,13.43,P2050
5164,2023-06-10,2233.93,P2056
5165,2021-12-12,6128.58,P2039
5166,2024-08-19,4878.81,P2049
5167,2024-09-28,321.28,P2037
5168,2021-10-18,4571.53,P2021
5169,2024-04-22,382.64,P2086
5170,2022-03-29,3911.26,P2070
5171,2023-04-19,644.48,P2080
5172,2024-12-31,685.73,P2088
5173,2024-07-13,6411.17,P2037
5174,2022-12-29,3692.63,P2096
5175,2021-04-24,3879.66,P2010
5176,2024-08-29,3843.92,P2065
5177,2021-04-22,4272.46,P2053
5178,2022-07-26,5124.81,P2062
5179,2022-08-20,4673.57,P2071
5180,2024-08-10,446.81,P2014
5181,2022-03-14,117.79,P2005
5182,2024-04-24,5962.85,P2039
5183,2023-10-04,5608.19,P2053
5184,2024-07-15,3545.87,P2094
5185,2021-03-28,1591.41,P2054
5186,2023-03-11,4466.41,P2050
5187,2022-03-04,4025.25,P2007
5188,2023-12-29,4816.85,P2052
5189,2022-12-14,3888.41,P2051
5190,2024-02-17,5405.18,P2091
5191,2023-02-05,4873.95,P2094
5192,2024-07-17,4577.63,P2037
5193,2022-08-23,6135.09,P2004
5194,2023-01-07,2577.01,P2074
5195,2021-02-22,1892.6,P2054
5196,2022-11-22,6291.94,P2022
5197,2022-07-30,150.13,P2021
5198,2024-07-27,1640.28,P2096
5199,2024-10-07,6.37,P2043
5200,2022-12-08,549.04,P2081
5201,2022-02-08,2986.61,P2030
5202,2022-09-10,3142.46,P2075
5203,2023-06-10,4159.62,P2031
5204,2022-11-04,4803.33,P2041
5205,2023-12-14,739.94,P2012
5206,2024-06-28,5073.27,P2015
5207,2024-04-29,954.99,P2078
5208,2024-02-09,553.09,P2063
5209,2021-05-07,4097.21,P2040
5210,2021-05-20,6329.44,P2069
5211,2023-11-25,2269.53,P2090
5212,2024-09-28,6134.36,P2045
5213,2021-07-31,3333.39,P2096
5214,2023-08-01,1677.79,P2006
5215,2022-08-22,3644.56,P2089
5216,2022-08-27,2691.23,P2025
5217,2023-08-07,6286.61,P2019
5218,2023-06-17,1249.1,P2057
5219,2021-06-26,3607.52,P2009
5220,2022-06-12,661.86,P2007
5221,2021-07-12,6103.0,P2046
5222,2022-09-14,120.43,P2033
5223,2024-05-25,6020.12,P2041
5224,2024-09-06,5783.22,P2063
5225,2023-05-14,2380.27,P2003
5226,2021-05-07,1831.33,P2089
5227,2024-09-13,2596.04,P2056
5228,2024-07-22,6879.71,P2024
5229,2023-01-30,3319.31,P2087
5230,2021-10-11,4619.11,P2088
5231,2023-12-09,4104.47,P2032
5232,2023-08-29,229.48,P2095
5233,2023-06-20,2111.34,P2057
5234,2022-05-29,6201.06,P2020
5235,2023-01-11,6747.69,P2041
5236,2023-01-02,6865.14,P2036
5237,2023-01-03,3918.16,P2013
5238,2022-10-21,3743.38,P2050
5239,2022-01-14,6297.26,P2053
5240,2024-07-25,5696.45,P2005
5241,2021-08-15,2469.94,P2046
5242,2021-10-08,4085.7,P2013
5243,2023-12-06,6579.67,P2011
5244,2024-02-06,2649.66,P2089
5245,2023-02-05,2973.26,P2045
5246,2023-11-03,4851.72,P2014
5247,2022-08-15,6144.73,P2099
5248,2021-07-10,494.29,P2016
5249,2023-05-06,267.67,P2045
5250,2024-09-02,6163.07,P2004
5251,2021-01-15,5872.68,P2064
5252,2021-03-27,1041.37,P2049
5253,2023-05-27,651.11,P2025
5254,2022-10-06,3958.93,P2061
5255,2023-02-01,1878.05,P2079
5256,2022-02-18,6498.16,P2039
5257,2022-02-02,6401.01,P2033
5258,2021-09-08,5460.73,P2096
5259,2022-09-07,836.53,P2094
5260,2023-11-18,5179.98,P2020
5261,2023-10-01,2700.54,P2086
5262,2022-03-13,1799.22,P2067
5263,2022-08-27,3602.22,P2005
5264,2021-04-15,556.27,P2004
5265,2021-07-29,593.72,P2083
5266,2021-08-22,2690.52,P2071
5267,2024-04-24,2322.71,P2071
5268,2022-09-12,659.01,P2082
5269,2021-05-19,1758.16,P2069
5270,2024-08-06,1153.66,P2051
5271,2023-04-23,3357.68,P2020
5272,2023-08-04,4376.0,P2029
5273,2021-04-10,479.61,P2036
5274,2021-08-08,6911.1,P2090
5275,2022-08-23,4096.64,P2099
5276,2022-06-14,13.17,P2008
5277,2023-12-11,6705.35,P2031
5278,2022-12-15,803.54,P2027
5279,2023-04-18,1388.65,P2007
5280,2021-04-30,2520.78,P2088
5281,2024-03-31,2653.6,P2081
5282,2024-03-21,1062.42,P2064
5283,2024-07-13,6136.45,P2089
5284,2024-11-12,5850.18,P2100
5285,2023-01-24,173.44,P2074
5286,2022-08-07,97.64,P2064
5287,2024-05-04,4203.49,P2024
5288,2024-05-21,5244.73,P2009
5289,2022-04-30,2146.64,P2064
5290,2022-02-22,5140.23,P2033
5291,2024-10-23,2680.96,P2053
5292,2024-11-15,2432.39,P2014
5293,2021-10-23,4186.25,P2007
5294,2021-04-24,4334.23,P2020
5295,2021-09-20,6504.28,P2088
5296,2021-02-06,1289.48,P2016
5297,2022-08-12,3925.78,P2026
5298,2022-12-29,816.69,P2023
5299,2022-04-02,2531.66,P2011
5300,2022-01-05,1600.16,P2076
5301,2023-07-27,5655.84,P2065
5302,2021-05-27,3079.73,P2050
5303,2024-03-15,2356.86,P2085
5304,2022-09-23,1941.77,P2091
5305,2022-02-22,864.54,P2005
5306,2024-05-18,6800.67,P2034
5307,2022-10-05,4746.14,P2001
5308,2022-12-29,1538.0,P2069
5309,2022-03-24,4772.44,P2075
5310,2022-07-27,5285.53,P2043
5311,2023-06-22,2173.32,P2010
5312,2021-07-24,5285.59,P2086
5313,2021-08-25,4769.8,P2018
5314,2022-01-06,522.95,P2069
5315,2023-08-25,512.84,P2099
5316,2022-06-13,1676.97,P2082
5317,2024-08-21,3572.32,P2089
5318,2024-03-11,6361.17,P2034
5319,2023-01-09,2380.67,P2084
5320,2022-06-10,3628.22,P2052
5321,2022-10-04,6349.38,P2094
5322,2024-04-17,6057.45,P2064
5323,2023-12-13,2337.96,P2032
5324,2021-10-04,6396.64,P2051
5325,2022-01-25,5903.17,P2079
5326,2024-09-19,2039.19,P2005
5327,2024-07-20,6720.37,P2019
5328,2021-11-13,3558.19,P2070
5329,2022-09-26,5356.49,P2049
5330,2021-05-30,4684.46,P2007
5331,2021-06-01,83.7,P2043
5332,2021-07-27,4916.13,P2063
5333,2021-08-31,2242.43,P2072
5334,2024-05-03,3582.28,P2063
5335,2022-08-14,5067.4,P2070
5336,2021-09-19,4862.54,P2060
5337,2021-09-05,2214.35,P2035
5338,2024-06-13,3504.71,P2028
5339,2022-05-26,5774.56,P2024
5340,2023-07-15,4793.57,P2087
5341,2021-06-05,3121.55,P2050
5342,2022-01-16,6296.33,P2020
5343,2021-01-11,5407.16,P2015
5344,2024-01-27,5785.31,P2035
5345,2023-11-04,1990.45,P2047
5346,2022-08-15,4752.4,P2098
5347,2022-03-25,2203.71,P2054
5348,2023-04-25,5752.19,P2032
5349,2023-05-29,5572.22,P2099
5350,2022-10-12,478.28,P2050
5351,2024-09-05,1681.67,P2078
5352,2021-11-05,554.34,P2093
5353,2021-09-29,2966.35,P2087
5354,2022-11-15,5874.64,P2016
5355,2022-08-25,3386.49,P2043
5356,2022-05-26,324.34,P2040
5357,2023-09-15,3536.67,P2088
5358,2023-01-06,4781.42,P2042
5359,2023-12-10,4726.28,P2045
5360,2024-07-03,3383.65,P2085
5361,2023-11-13,2481.87,P2082
5362,2024-09-04,6096.97,P2047
5363,2022-10-16,2105.18,P2060
5364,2021-03-02,3805.7,P2027
5365,2022-12-19,4570.12,P2100
5366,2021-01-18,5100.77,P2074
5367,2023-08-22,5105.18,P2041
5368,2023-04-15,5769.43,P2021
5369,2021-10-23,1255.38,P2063
5370,2022-09-29,2568.06,P2027
5371,2021-10-10,2237.89,P2004
5372,2024-03-31,891.55,P2054
5373,2024-01-22,5653.22,P2070
5374,2021-09-11,926.09,P2046
5375,2024-02-04,4334.84,P2078
5376,2022-10-16,6827.47,P2083
5377,2023-03-29,6262.76,P2026
5378,2023-03-23,5427.85,P2045
5379,2023-06-19,1803.2,P2066
5380,2023-03-26,4511.51,P2050
5381,2024-02-08,2306.14,P2048
5382,2024-02-20,2998.45,P2080
5383,2023-01-01,1301.9,P2039
5384,2021-07-04,3537.69,P2046
5385,2022-02-27,90.31,P2090
5386,2021-09-17,2536.49,P2072
5387,2021-06-29,4715.48,P2059
5388,2024-06-23,4914.17,P2092
5389,2022-12-04,6924.46,P2044
5390,2022-01-22,1923.8,P2013
5391,2022-08-12,5622.25,P2003
5392,2023-12-26,3896.8,P2075
5393,2024-12-11,100.49,P2036
5394,2021-07-04,437.36,P2045
5395,2022-04-29,2890.47,P2059
5396,2024-03-13,5181.59,P2059
5397,2022-10-31,6646.69,P2079
5398,2022-09-02,4646.64,P2031
5399,2023-04-11,6606.47,P2046
5400,2023-07-16,3074.88,P2043
5401,2021-04-19,4848.19,P2073
5402,2023-08-29,2513.75,P2089
5403,2022-04-25,3362.52,P2017
5404,2021-10-16,4374.7,P2050
5405,2024-12-18,3452.82,P2048
5406,2024-07-07,1834.73,P2089
5407,2021-01-25,2417.88,P2076
5408,2023-03-17,4989.37,P2049
5409,2022-02-08,6407.66,P2064
5410,2021-10-09,3162.61,P2051
5411,2021-06-14,3783.46,P2060
5412,2023-09-19,668.24,P2017
5413,2021-01-24,83.77,P2008
5414,2021-08-01,3713.74,P2021
5415,2024-04-21,1069.31,P2056
5416,2023-01-09,3756.61,P2084
5417,2021-10-22,3576.35,P2020
5418,2021-03-05,6625.95,P2100
5419,2022-02-13,3900.32,P2024
5420,2023-07-08,5739.74,P2079
5421,2023-03-10,491.29,P2058
5422,2023-10-10,3610.17,P2045
5423,2024-11-12,5977.85,P2025
5424,2023-06-05,3858.72,P2020
5425,2022-12-21,2488.4,P2099
5426,2022-03-07,1514.11,P2064
5427,2021-12-02,3218.55,P2048
5428,2024-04-30,2670.65,P2061
5429,2022-05-19,5956.19,P2082
5430,2021-12-19,5955.56,P2031
5431,2024-12-14,3731.57,P2027
5432,2023-04-01,3600.34,P2052
5433,2023-01-03,6471.44,P2046
5434,2023-07-07,1296.39,P2054
5435,2021-04-02,3439.26,P2076
5436,2022-11-12,5838.26,P2047
5437,2024-06-10,3175.64,P2093
5438,2023-07-15,1835.22,P2023
5439,2023-10-14,4216.12,P2091
5440,2024-01-05,6265.01,P2071
5441,2024-03-12,4882.38,P2051
5442,2021-06-14,3820.58,P2048
5443,2024-12-14,4505.94,P2031
5444,2024-04-23,6979.76,P2034
5445,2023-06-18,5401.25,P2014
5446,2023-03-24,3109.45,P2096
5447,2021-12-25,4207.39,P2044
5448,2023-06-06,266.41,P2026
5449,2022-07-03,2476.69,P2082
5450,2022-07-18,5020.29,P2025
5451,2022-12-14,6492.52,P2084
5452,2021-03-02,2794.62,P2026
5453,2022-11-05,3896.59,P2055
5454,2022-02-22,2965.92,P2076
5455,2021-08-27,2242.12,P2005
5456,2022-09-20,5539.71,P2001
5457,2024-07-04,4014.79,P2019
5458,2023-09-09,3900.22,P2083
5459,2023-05-03,4521.98,P2095
5460,2022-08-16,5022.53,P2003
5461,2024-04-03,3472.0,P2073
5462,2021-06-18,5548.87,P2068
5463,2023-12-29,2160.83,P2010
5464,2023-02-04,1906.8,P2030
5465,2021-12-14,4876.38,P2025
5466,2022-05-03,4329.72,P2056
5467,2023-08-13,3007.72,P2058
5468,2021-03-27,3114.59,P2059
5469,2024-10-17,1012.44,P2010
5470,2022-06-20,5459.26,P2018
5471,2024-04-30,4601.64,P2061
5472,2023-02-24,4621.75,P2061
5473,2024-01-04,5178.13,P2079
5474,2022-06-10,1747.38,P2067
5475,2024-10-25,2632.39,P2065
5476,2024-12-23,5631.33,P2073
5477,2023-05-04,3742.78,P2040
5478,2023-11-29,1882.37,P2006
5479,2021-07-23,788.61,P2023
5480,2023-04-04,2866.7,P2061
5481,2023-05-05,5977.3,P2097
5482,2021-06-20,4643.76,P2082
5483,2022-03-08,4445.91,P2073
5484,2023-06-22,6330.01,P2096
5485,2021-02-14,4792.02,P2093
5486,2021-07-10,2819.73,P2006
5487,2024-11-24,5914.22,P2067
5488,2023-03-27,63.15,P2028
5489,2024-02-12,6523.06,P2075
5490,2023-02-27,1720.5,P2029
5491,2023-12-02,5311.62,P2067
5492,2023-05-04,1960.97,P2053
5493,2021-05-26,2086.33,P2097
5494,2022-11-16,6663.99,P2056
5495,2024-10-07,1391.32,P2063
5496,2023-05-01,4519.52,P2099
5497,2022-05-06,5844.46,P2066
5498,2024-08-13,4687.09,P2099
5499,2023-01-29,1836.19,P2019
5500,2023-09-08,5092.33,P2047
5501,2022-12-06,5412.13,P2065
5502,2022-09-06,1045.84,P2073
5503,2021-04-13,5358.36,P2036
5504,2021-02-25,9.52,P2093
5505,2023-08-29,4999.11,P2003
5506,2021-02-12,3702.44,P2002
5507,2021-07-16,4939.56,P2093
5508,2023-09-28,1405.08,P2065
5509,2023-12-30,5177.11,P2060
5510,2021-04-11,6715.43,P2058
5511,2022-09-19,991.68,P2097
5512,2023-03-24,2319.26,P2035
5513,2024-08-31,3749.37,P2038
5514,2023-01-16,478.85,P2066
5515,2022-10-21,3369.03,P2012
5516,2021-07-31,3218.64,P2069
5517,2021-07-21,815.33,P2052
5518,2022-02-13,204.26,P2076
5519,2023-07-28,3779.27,P2012
5520,2024-06-12,5478.79,P2058
5521,2023-05-21,3026.28,P2050
5522,2023-06-15,6028.59,P2002
5523,2023-05-08,1144.62,P2080
5524,2024-04-09,4004.93,P2008
5525,2024-10-20,6638.53,P2022
5526,2024-09-21,3990.49,P2045
5527,2022-11-25,3742.66,P2082
5528,2024-01-06,3017.14,P2003
5529,2021-12-22,5409.02,P2076
5530,2024-05-09,1783.89,P2013
5531,2023-11-24,6486.73,P2076
5532,2021-08-05,5485.85,P2074
5533,2023-08-29,5073.25,P2073
5534,2021-10-17,4715.1,P2009
5535,2024-09-04,1395.37,P2084
5536,2024-02-25,6965.54,P2042
5537,2022-09-27,2980.52,P2033
5538,2022-05-29,1592.47,P2012
5539,2024-03-16,4831.6,P2098
5540,2023-03-25,1643.52,P2009
5541,2024-05-08,4199.31,P2026
5542,2021-07-15,3916.98,P2005
5543,2021-01-09,5777.07,P2018
5544,2021-10-06,5947.15,P2030
5545,2024-07-15,1788.24,P2081
5546,2024-05-16,6228.74,P2088
5547,2022-07-08,3327.68,P2056
5548,2023-10-18,4970.1,P2033
5549,2021-09-03,4465.62,P2082
5550,2023-01-01,5231.23,P2014
5551,2022-02-28,4235.35,P2020
5552,2023-10-19,2055.19,P2100
5553,2024-06-22,3037.58,P2074
5554,2023-03-12,1986.24,P2100
5555,2021-06-02,156.33,P2014
5556,2022-03-22,4472.05,P2037
5557,2021-01-26,4325.92,P2034
5558,2023-07-26,2188.65,P2088
5559,2022-10-25,3337.42,P2042
5560,2021-03-01,3004.07,P2030
5561,2022-04-25,5484.02,P2075
5562,2024-02-05,3781.8,P2039
5563,2024-09-29,4574.38,P2025
5564,2022-12-15,5777.06,P2025
5565,2024-07-17,3055.36,P2072
5566,2022-06-18,741.36,P2067
5567,2022-12-31,5279.64,P2006
5568,2023-12-13,1316.82,P2078
5569,2024-10-02,5895.32,P2072
5570,2023-03-19,6405.3,P2006
5571,2022-09-30,796.11,P2053
5572,2023-03-01,1950.47,P2032
5573,2023-12-14,1592.38,P2080
5574,2024-11-24,2522.2,P2098
5575,2022-09-30,3378.48,P2073
5576,2022-02-06,6722.58,P2092
5577,2022-05-01,4076.41,P2096
5578,2022-07-11,6171.51,P2054
5579,2024-09-30,6821.51,P2051
5580,2024-02-24,2888.54,P2051
5581,2021-01-08,3141.67,P2093
5582,2021-09-15,5170.28,P2019
5583,2022-01-07,5777.2,P2029
5584,2022-12-26,6019.33,P2015
5585,2022-03-21,6340.05,P2075
5586,2023-07-15,237.34,P2011
5587,2022-11-30,2401.11,P2072
5588,2022-12-24,4088.32,P2023
5589,2022-05-07,2792.65,P2088
5590,2023-07-25,4816.37,P2009
5591,2023-10-19,4337.48,P2092
5592,2024-06-30,80.59,P2045
5593,2023-09-08,1201.06,P2043
5594,2023-11-11,3416.93,P2078
5595,2021-06-28,2844.34,P2001
5596,2022-06-28,4382.11,P2040
5597,2024-06-12,722.55,P2021
5598,2021-03-29,1616.47,P2009
5599,2021-12-14,4286.46,P2063
5600,2024-12-01,6422.15,P2073
5601,2023-09-05,3053.22,P2049
5602,2024-09-17,6228.77,P2005
5603,2022-12-10,1673.45,P2071
5604,2021-10-28,1090.4,P2043
5605,2024-03-31,1655.38,P2037
5606,2023-09-22,4290.56,P2020
5607,2024-07-03,6619.86,P2097
5608,2024-05-11,5706.39,P2068
5609,2023-09-14,862.86,P2049
5610,2024-01-19,2677.57,P2085
5611,2023-10-22,6926.41,P2077
5612,2022-05-06,5671.63,P2081
5613,2022-03-23,6043.78,P2064
5614,2023-02-07,4031.66,P2053
5615,2024-08-25,5.3,P2042
5616,2021-05-05,6273.95,P2082
5617,2022-03-11,5852.77,P2009
5618,2024-07-13,2925.69,P2058
5619,2023-05-07,5675.7,P2029
5620,2021-07-11,4304.27,P2081
5621,2024-06-27,5868.02,P2041
5622,2022-03-03,5798.22,P2086
5623,2022-02-08,6846.67,P2028
5624,2023-11-27,660.65,P2099
5625,2021-09-27,4491.25,P2006
5626,2021-09-26,4484.14,P2024
5627,2024-07-28,5296.51,P2039
5628,2021-03-03,6459.71,P2019
5629,2023-03-05,1158.3,P2066
5630,2022-03-23,1417.99,P2088
5631,2022-08-12,4915.33,P2057
5632,2022-10-22,5798.86,P2091
5633,2024-09-12,66.06,P2008
5634,2023-02-08,5521.69,P2020
5635,2023-12-12,4860.1,P2002
5636,2024-09-26,5777.64,P2041
5637,2024-02-04,4708.52,P2030
5638,2023-09-30,3243.59,P2067
5639,2024-08-02,6944.09,P2042
5640,2023-04-06,6812.65,P2097
5641,2022-02-05,4760.56,P2066
5642,2024-12-04,1872.92,P2092
5643,2022-11-20,1014.31,P2091
5644,2022-09-19,3995.77,P2055
5645,2023-03-02,2951.38,P2058
5646,2023-08-12,6081.13,P2089
5647,2022-11-23,5990.62,P2094
5648,2024-10-18,2862.22,P2076
5649,2022-10-22,6431.25,P2089
5650,2022-08-12,2253.9,P2010
5651,2022-04-01,3282.61,P2005
5652,2024-04-04,1392.0,P2021
5653,2024-01-16,6262.48,P2100
5654,2022-09-20,2848.9,P2003
5655,2022-05-19,5491.52,P2030
5656,2024-01-25,5567.84,P2088
5657,2022-12-17,5535.71,P2034
5658,2024-04-28,5922.14,P2093
5659,2021-03-03,5346.54,P2095
5660,2024-04-12,2943.68,P2046
5661,2023-08-02,495.02,P2097
5662,2024-01-29,414.41,P2058
5663,2023-05-27,4504.84,P2076
5664,2023-11-13,6061.48,P2032
5665,2023-04-30,6977.52,P2062
5666,2021-05-21,5993.78,P2036
5667,2021-06-09,5455.76,P2061
5668,2021-12-31,6150.64,P2002
5669,2021-04-23,6623.7,P2092
5670,2022-04-25,5326.93,P2097
5671,2022-09-15,51.91,P2004
5672,2021-12-24,4963.91,P2087
5673,2021-10-01,2612.3,P2058
5674,2022-08-01,5130.21,P2084
5675,2024-02-26,2356.97,P2003
5676,2022-02-23,649.57,P2018
5677,2021-02-27,4958.53,P2006
5678,2022-10-25,5274.78,P2072
5679,2024-01-04,5611.18,P2055
5680,2021-02-16,1618.68,P2057
5681,2021-02-24,3076.62,P2046
5682,2023-10-20,5006.14,P2053
5683,2024-01-23,299.88,P2092
5684,2021-05-11,1559.5,P2021
5685,2024-09-28,4767.31,P2001
5686,2022-06-12,2953.77,P2017
5687,2022-07-27,3745.16,P2003
5688,2024-02-18,1743.69,P2022
5689,2021-12-13,6995.53,P2093
5690,2024-10-17,4275.07,P2013
5691,2021-10-03,451.46,P2036
5692,2023-05-18,2229.15,P2092
5693,2023-04-22,4952.4,P2023
5694,2022-08-31,5365.1,P2056
5695,2023-09-16,2979.27,P2022
5696,2024-10-19,877.64,P2052
5697,2021-12-28,5505.53,P2092
5698,2023-08-30,6596.45,P2094
5699,2023-07-22,4626.52,P2003
5700,2024-05-04,5204.39,P2005
5701,2024-08-03,971.0,P2071
5702,2021-05-09,1827.56,P2025
5703,2023-12-16,5106.58,P2087
5704,2021-06-26,4791.51,P2004
5705,2021-09-02,5610.48,P2086
5706,2022-12-06,3816.22,P2082
5707,2023-07-02,1912.96,P2061
5708,2021-08-12,105.87,P2056
5709,2024-02-07,2033.01,P2052
5710,2024-07-04,6025.69,P2002
5711,2022-05-13,690.1,P2044
5712,2021-03-16,6144.82,P2002
5713,2024-05-14,1068.93,P2097
5714,2022-02-05,4987.06,P2023
5715,2022-11-03,4189.52,P2085
5716,2022-01-23,4035.09,P2047
5717,2021-12-12,647.94,P2030
5718,2023-03-17,5775.93,P2079
5719,2021-06-08,3182.18,P2026
5720,2024-04-15,5102.44,P2034
5721,2021-03-17,3015.41,P2085
5722,2021-06-11,6947.55,P2021
5723,2024-10-31,4754.48,P2067
5724,2022-11-15,1458.37,P2028
5725,2022-12-01,2210.96,P2004
5726,2024-09-03,5000.14,P2047
5727,2021-09-19,795.78,P2049
5728,2023-01-08,1867.07,P2099
5729,2023-10-14,5425.46,P2100
5730,2024-10-25,2638.45,P2028
5731,2021-07-30,6538.65,P2051
5732,2023-02-06,4588.19,P2012
5733,2022-06-08,5810.68,P2002
5734,2024-06-26,4507.67,P2065
5735,2024-06-08,1272.63,P2063
5736,2022-10-29,4783.26,P2058
5737,2021-02-12,3602.62,P2021
5738,2023-11-19,5528.44,P2050
5739,2021-08-06,6898.74,P2087
5740,2022-07-11,1746.61,P2024
5741,2022-04-05,5134.55,P2013
5742,2022-11-27,2776.96,P2020
5743,2023-03-12,4321.4,P2002
5744,2024-03-13,1809.42,P2001
5745,2024-01-29,5482.97,P2053
5746,2021-11-28,1288.53,P2043
5747,2023-04-02,3346.77,P2037
5748,2022-11-09,852.0,P2098
5749,2021-07-01,3889.52,P2031
5750,2023-08-27,4392.62,P2028
5751,2022-10-25,4835.11,P2036
5752,2024-02-02,3520.1,P2061
5753,2024-07-20,2479.99,P2046
5754,2021-02-12,3498.92,P2099
5755,2022-04-02,5911.17,P2071
5756,2021-07-17,5216.69,P2036
5757,2024-09-18,1665.9,P2024
5758,2024-02-13,5174.65,P2009
5759,2021-02-15,6505.16,P2027
5760,2021-02-21,4608.93,P2076
5761,2021-08-24,1168.01,P2081
5762,2023-10-27,3005.0,P2034
5763,2023-07-11,3596.5,P2066
5764,2024-01-24,4072.11,P2026
5765,2021-11-20,692.87,P2046
5766,2023-05-26,1049.25,P2069
5767,2022-10-05,5479.73,P2029
5768,2021-04-18,3921.27,P2060
5769,2023-03-14,6722.76,P2085
5770,2023-12-26,1830.66,P2071
5771,2021-12-31,5998.36,P2004
5772,2024-11-15,718.75,P2055
5773,2022-02-26,1069.76,P2028
5774,2021-08-15,5723.45,P2039
5775,2022-07-21,6200.31,P2062
5776,2023-06-15,2298.15,P2047
5777,2022-07-27,2378.71,P2094
5778,2024-10-30,6402.47,P2031
5779,2021-02-18,3052.33,P2072
5780,2024-12-28,2639.33,P2004
5781,2023-02-10,6800.05,P2087
5782,2022-08-05,1211.45,P2044
5783,2022-12-28,3412.66,P2085
5784,2021-02-05,1796.95,P2004
5785,2021-03-09,4207.02,P2065
5786,2022-11-05,3774.93,P2081
5787,2023-12-11,1339.83,P2012
5788,2024-06-21,453.67,P2009
5789,2024-12-09,3348.86,P2064
5790,2022-08-01,6568.08,P2080
5791,2022-03-15,4856.5,P2058
5792,2023-09-15,619.74,P2071
5793,2023-08-17,6800.5,P2023
5794,2024-10-19,6094.37,P2050
5795,2022-06-02,3819.45,P2030
5796,2023-09-30,6818.15,P2018
5797,2021-07-07,3921.8,P2049
5798,2021-01-13,1829.44,P2097
5799,2024-12-17,877.1,P2001
5800,2021-09-09,4841.74,P2049
5801,2024-09-01,1679.22,P2083
5802,2024-07-22,158.4,P2037
5803,2023-06-06,1817.8,P2097
5804,2024-08-12,5811.59,P2016
5805,2024-07-03,9.61,P2075
5806,2022-04-11,3277.24,P2050
5807,2023-03-11,1408.76,P2032
5808,2022-11-11,5938.25,P2027
5809,2024-11-25,5240.29,P2083
5810,2021-06-09,2220.5,P2012
5811,2024-08-11,1086.34,P2028
5812,2021-03-14,1669.47,P2089
5813,2021-11-16,3441.4,P2007
5814,2022-03-19,4641.59,P2003
5815,2021-09-15,2277.62,P2027
5816,2022-06-25,6960.28,P2067
5817,2021-06-02,4594.12,P2090
5818,2023-09-20,2171.75,P2094
5819,2024-03-26,638.82,P2045
5820,2021-09-23,4096.28,P2096
5821,2021-10-02,950.56,P2100
5822,2021-10-22,5570.73,P2042
5823,2022-10-02,6406.61,P2028
5824,2021-07-16,4910.41,P2008
5825,2024-07-28,5177.14,P2061
5826,2024-07-17,6800.73,P2018
5827,2024-10-17,3787.13,P2058
5828,2023-08-26,3586.62,P2053
5829,2024-01-11,2981.11,P2069
5830,2024-07-20,5561.06,P2032
5831,2023-04-12,1706.66,P2031
5832,2024-02-19,5502.21,P2023
5833,2021-09-23,1803.74,P2071
5834,2022-02-04,5652.52,P2016
5835,2021-05-08,4567.81,P2065
5836,2024-09-11,6072.85,P2005
5837,2024-02-12,6149.53,P2091
5838,2022-09-26,3177.28,P2033
5839,2023-01-11,4056.6,P2038
5840,2023-04-21,5290.02,P2032
5841,2024-04-19,53.16,P2007
5842,2023-07-06,6042.08,P2012
5843,2022-05-29,4155.26,P2071
5844,2023-02-20,4965.86,P2050
5845,2021-08-18,5892.45,P2098
5846,2022-07-24,1364.26,P2058
5847,2023-05-10,4542.48,P2063
5848,2022-10-28,5951.67,P2053
5849,2021-05-09,6768.35,P2068
5850,2022-11-04,3655.58,P2011
5851,2021-06-02,5784.91,P2044
5852,2024-07-24,6523.13,P2085
5853,2023-10-10,1180.31,P2100
5854,2024-08-24,5306.21,P2065
5855,2024-05-16,6604.26,P2017
5856,2021-09-30,6286.99,P2017
5857,2022-09-17,924.92,P2019
5858,2021-10-13,3886.85,P2060
5859,2024-02-22,4522.85,P2043
5860,2021-06-03,6536.13,P2057
5861,2021-12-21,4864.6,P2031
5862,2024-10-02,6441.54,P2076
5863,2024-06-13,6794.55,P2084
5864,2021-02-16,3067.47,P2028
5865,2022-07-22,494.28,P2032
5866,2021-03-25,4330.69,P2044
5867,2024-05-29,2149.09,P2055
5868,2022-02-17,2173.11,P2073
5869,2023-05-13,4828.6,P2039
5870,2024-01-25,6534.11,P2100
5871,2024-04-13,3523.92,P2056
5872,2023-02-11,4508.03,P2045
5873,2022-04-16,1486.54,P2029
5874,2022-09-20,5531.97,P2096
5875,2023-05-02,381.26,P2097
5876,2022-03-27,1655.21,P2028
5877,2021-01-23,356.13,P2030
5878,2023-02-18,1146.44,P2080
5879,2022-02-27,3898.94,P2055
5880,2021-09-20,4709.62,P2095
5881,2024-09-06,2852.25,P2095
5882,2023-01-16,3282.85,P2082
5883,2023-05-21,6890.88,P2010
5884,2023-12-05,1618.89,P2070
5885,2021-01-01,6362.63,P2018
5886,2021-12-07,6203.87,P2068
5887,2023-06-21,5177.54,P2078
5888,2021-10-04,3723.76,P2047
5889,2022-03-19,6446.74,P2067
5890,2022-03-03,2521.84,P2032
5891,2024-11-11,5838.3,P2057
5892,2024-01-20,2577.02,P2091
5893,2024-03-28,1151.99,P2061
5894,2024-03-06,5372.35,P2052
5895,2021-09-21,6761.46,P2043
5896,2022-07-28,3509.08,P2036
5897,2023-02-15,3049.54,P2092
5898,2023-10-02,4664.25,P2056
5899,2024-08-20,5287.17,P2016
5900,2023-07-18,5243.07,P2009
5901,2021-02-05,6318.4,P2041
5902,2023-12-14,1919.17,P2018
5903,2024-04-24,2736.37,P2010
5904,2024-04-05,5294.57,P2045
5905,2021-07-03,5859.35,P2006
5906,2022-05-05,2436.17,P2068
5907,2022-07-04,205.11,P2035
5908,2022-03-06,4683.48,P2055
5909,2023-12-28,2442.18,P2092
5910,2023-12-11,2909.56,P2002
5911,2024-06-22,3904.26,P2049
5912,2024-10-11,551.31,P2029
5913,2021-06-24,6368.04,P2055
5914,2021-12-27,5416.48,P2091
5915,2021-11-26,258.13,P2095
5916,2022-02-07,1195.8,P2100
5917,2024-02-23,2411.19,P2080
5918,2022-11-17,518.14,P2042
5919,2022-09-06,726.48,P2044
5920,2023-10-27,165.21,P2026
5921,2021-07-04,2541.12,P2031
5922,2024-12-26,3113.51,P2055
5923,2021-09-23,6142.84,P2033
5924,2021-08-10,6443.77,P2085
5925,2021-03-05,6768.38,P2086
5926,2024-07-06,3342.89,P2074
5927,2023-05-19,782.01,P2052
5928,2022-01-01,3824.79,P2016
5929,2021-09-14,2687.78,P2061
5930,2021-01-13,4539.81,P2092
5931,2023-04-21,5913.15,P2013
5932,2024-04-14,6374.83,P2006
5933,2021-07-18,6435.99,P2055
5934,2021-08-29,2313.51,P2031
5935,2023-05-17,2184.98,P2003
5936,2023-01-09,150.68,P2096
5937,2021-10-29,4964.97,P2079
5938,2024-11-18,443.72,P2009
5939,2022-12-07,3994.74,P2074
5940,2022-08-15,6786.7,P2096
5941,2024-04-17,3656.41,P2049
5942,2021-09-10,5979.48,P2091
5943,2022-10-14,843.15,P2043
5944,2024-03-30,6911.28,P2091
5945,2022-01-24,293.46,P2046
5946,2022-06-23,5375.87,P2052
5947,2023-06-16,6248.69,P2007
5948,2022-02-23,726.61,P2074
5949,2024-12-04,4070.28,P2071
5950,2024-09-07,34.35,P2062
5951,2022-08-30,6725.37,P2032
5952,2022-08-16,4984.46,P2020
5953,2023-11-17,5007.42,P2073
5954,2021-12-15,2886.8,P2041
5955,2024-08-25,3760.16,P2069
5956,2022-02-01,1078.84,P2075
5957,2023-03-19,4392.15,P2036
5958,2021-07-26,1273.06,P2076
5959,2021-07-31,4428.86,P2031
5960,2024-10-07,4354.62,P2054
5961,2024-05-06,1398.61,P2096
5962,2021-11-25,5538.2,P2030
5963,2022-07-22,1997.5,P2051
5964,2021-10-16,1218.97,P2035
5965,2021-10-16,1778.19,P2050
5966,2023-09-19,1714.18,P2010
5967,2024-12-09,575.67,P2096
5968,2022-01-22,6798.23,P2027
5969,2023-02-18,5423.09,P2032
5970,2024-04-09,242.94,P2067
5971,2024-09-20,5503.33,P2080
5972,2021-08-10,2235.4,P2028
5973,2021-11-19,4139.21,P2098
5974,2022-05-11,1674.59,P2042
5975,2024-03-09,3704.79,P2086
5976,2023-05-12,4793.43,P2090
5977,2023-09-14,1984.28,P2081
5978,2023-08-05,5666.04,P2027
5979,2023-06-16,5608.58,P2066
5980,2022-02-13,5239.92,P2065
5981,2023-09-07,2072.4,P2052
5982,2023-01-22,5389.41,P2069
5983,2023-08-18,6240.76,P2047
5984,2022-04-04,5102.06,P2062
5985,2021-04-12,3582.68,P2097
5986,2023-06-27,5879.33,P2004
5987,2021-11-05,3103.9,P2027
5988,2024-08-15,478.74,P2026
5989,2022-08-28,274.72,P2100
5990,2021-04-07,2329.06,P2009
5991,2022-07-31,3205.12,P2062
5992,2021-03-16,3036.76,P2028
5993,2021-05-18,1119.3,P2019
5994,2021-02-20,4291.03,P2005
5995,2024-10-26,3601.38,P2099
5996,2022-12-23,2447.92,P2002
5997,2022-11-11,3207.05,P2100
5998,2022-12-27,3918.68,P2017
5999,2022-02-20,4310.14,P2024
6000,2023-06-14,1582.58,P2012
6001,2022-02-02,6111.83,P2059
6002,2023-07-02,4636.95,P2092
6003,2023-06-02,676.0,P2017
6004,2021-07-21,3675.68,P2026
6005,2022-05-19,4141.44,P2034
6006,2021-08-31,60.79,P2094
6007,2023-05-21,4793.37,P2020
6008,2024-06-02,5806.96,P2094
6009,2023-12-27,235.49,P2093
6010,2022-10-30,5222.08,P2048
6011,2024-04-01,4002.68,P2051
6012,2023-06-06,5991.39,P2027
6013,2021-11-07,4597.63,P2001
6014,2024-11-24,808.08,P2018
6015,2022-11-19,3835.93,P2073
6016,2023-05-15,2004.34,P2094
6017,2021-09-24,6836.59,P2094
6018,2023-12-23,3291.03,P2044
6019,2023-06-17,2843.62,P2016
6020,2021-10-27,1696.48,P2023
6021,2021-06-03,4539.67,P2094
6022,2023-12-16,2303.08,P2041
6023,2022-02-27,1436.08,P2083
6024,2021-03-19,2136.47,P2073
6025,2024-02-01,3110.87,P2010
6026,2021-07-18,1148.0,P2096
6027,2024-06-28,5857.49,P2013
6028,2021-02-15,945.96,P2047
6029,2021-08-14,1319.5,P2016
6030,2023-03-17,3292.25,P2005
6031,2023-03-15,1574.16,P2082
6032,2021-07-16,3094.61,P2087
6033,2023-11-05,1990.4,P2044
6034,2022-06-02,778.57,P2048
6035,2021-04-09,5599.84,P2047
6036,2021-08-18,226.43,P2059
6037,2021-08-19,6728.82,P2027
6038,2024-07-23,5819.17,P2053
6039,2024-12-25,1042.9,P2038
6040,2021-04-01,6836.38,P2024
6041,2024-01-04,6457.91,P2097
6042,2024-07-20,2222.56,P2065
6043,2023-10-19,3249.05,P2068
6044,2021-07-06,1403.81,P2027
6045,2021-12-31,3018.25,P2095
6046,2024-12-01,6878.26,P2001
6047,2023-09-22,5779.41,P2012
6048,2022-07-14,435.52,P2012
6049,2024-11-08,6461.55,P2067
6050,2021-01-14,3402.49,P2037
6051,2023-10-08,2723.39,P2084
6052,2024-11-25,5586.29,P2018
6053,2023-02-27,4341.73,P2088
6054,2024-11-17,6182.9,P2012
6055,2022-02-08,2878.18,P2098
6056,2021-11-13,6659.37,P2032
6057,2021-05-24,529.42,P2014
6058,2024-03-03,221.85,P2086
6059,2021-10-11,3975.72,P2078
6060,2022-12-04,4887.43,P2092
6061,2024-05-04,859.88,P2088
6062,2023-09-03,534.28,P2036
6063,2022-05-23,5551.89,P2021
6064,2024-03-06,6699.59,P2081
6065,2023-08-10,3021.05,P2024
6066,2024-09-14,1434.79,P2027
6067,2022-08-23,6200.04,P2045
6068,2021-11-22,779.84,P2054
6069,2024-12-10,6389.76,P2049
6070,2023-06-19,1044.73,P2090
6071,2023-05-21,6982.91,P2039
6072,2021-01-23,2634.64,P2062
6073,2023-12-20,1711.09,P2007
6074,2021-10-22,3180.52,P2039
6075,2022-06-21,5212.97,P2039
6076,2024-08-31,5143.77,P2064
6077,2023-02-08,3403.01,P2042
6078,2024-10-22,4940.77,P2080
6079,2023-07-25,6543.52,P2029
6080,2024-11-03,2168.51,P2037
6081,2021-12-07,5541.08,P2061
6082,2022-05-04,4661.0,P2053
6083,2024-09-10,5517.77,P2040
6084,2021-11-25,4020.83,P2003
6085,2022-06-19,6079.82,P2045
6086,2024-04-10,3062.6,P2058
6087,2023-07-14,2513.21,P2093
6088,2022-08-28,3737.12,P2080
6089,2023-08-22,6282.69,P2019
6090,2022-12-31,5930.96,P2018
6091,2024-10-04,6397.31,P2025
6092,2024-09-04,757.23,P2029
6093,2022-01-09,4932.19,P2009
6094,2022-03-15,6553.04,P2022
6095,2024-04-17,4132.68,P2031
6096,2024-03-01,2587.61,P2075
6097,2024-04-29,1032.48,P2078
6098,2021-03-20,2655.2,P2100
6099,2022-04-13,2194.68,P2096
6100,2023-04-12,3712.57,P2030
6101,2021-08-09,2451.35,P2076
6102,2021-01-04,646.29,P2068
6103,2023-11-02,5023.87,P2034
6104,2021-12-14,6540.89,P2036
6105,2024-06-09,3819.09,P2025
6106,2024-07-27,2759.43,P2082
6107,2023-04-27,4656.9,P2036
6108,2024-03-19,1904.0,P2098
6109,2024-01-21,4564.94,P2013
6110,2022-12-30,1052.19,P2023
6111,2023-05-26,6629.31,P2091
6112,2023-04-19,2797.13,P2015
6113,2022-02-02,5391.55,P2085
6114,2022-04-30,2272.75,P2079
6115,2023-01-21,240.18,P2050
6116,2023-12-21,5627.91,P2064
6117,2024-02-06,1024.92,P2088
6118,2023-11-01,5324.34,P2002
6119,2021-03-04,5646.33,P2046
6120,2024-04-17,6993.11,P2049
6121,2024-10-08,6282.51,P2050
6122,2022-07-10,5736.4,P2058
6123,2023-04-27,875.47,P2075
6124,2023-10-26,3669.55,P2042
6125,2024-05-07,6174.15,P2048
6126,2022-04-01,6017.68,P2012
6127,2023-04-02,214.78,P2041
6128,2023-01-16,405.19,P2019
6129,2021-10-02,3293.58,P2050
6130,2024-02-17,6036.6,P2074
6131,2022-08-26,4632.19,P2025
6132,2023-07-14,865.92,P2019
6133,2022-12-26,681.46,P2006
6134,2021-03-31,1337.23,P2045
6135,2023-03-17,2816.93,P2035
6136,2022-08-31,3451.2,P2015
6137,2024-08-30,710.1,P2082
6138,2021-02-20,881.42,P2098
6139,2022-01-26,552.46,P2008
6140,2023-02-05,4328.98,P2072
6141,2024-06-09,2925.03,P2027
6142,2023-01-07,6250.9,P2100
6143,2022-07-08,3666.82,P2070
6144,2023-12-14,2866.66,P2052
6145,2024-12-30,5916.58,P2066
6146,2021-06-24,4405.0,P2035
6147,2021-01-13,6691.61,P2039
6148,2023-07-07,6532.98,P2097
6149,2022-09-04,5671.09,P2068
6150,2021-06-20,92.01,P2030
6151,2022-12-12,37.38,P2066
6152,2023-07-28,5124.1,P2027
6153,2024-02-25,3728.31,P2073
6154,2024-12-20,5426.36,P2033
6155,2023-04-25,915.88,P2029
6156,2024-11-11,1748.27,P2072
6157,2023-12-17,6284.07,P2095
6158,2021-04-30,5701.97,P2002
6159,2022-03-11,2908.8,P2046
6160,2021-06-29,4437.71,P2098
6161,2022-10-02,6195.26,P2007
6162,2024-07-17,3670.03,P2041
6163,2024-02-05,51.09,P2062
6164,2021-10-08,517.83,P2081
6165,2021-03-04,810.38,P2063
6166,2023-07-01,6208.3,P2080
6167,2022-06-28,2250.16,P2044
6168,2022-05-19,2274.14,P2005
6169,2021-10-08,817.57,P2068
6170,2021-01-30,6214.72,P2006
6171,2024-10-06,982.94,P2065
6172,2021-04-30,4649.23,P2006
6173,2021-09-24,6268.82,P2033
6174,2024-06-26,2667.08,P2071
6175,2021-07-18,5335.83,P2068
6176,2024-03-05,843.37,P2092
6177,2024-05-20,3570.74,P2043
6178,2023-01-17,5928.55,P2054
6179,2022-09-08,4639.75,P2033
6180,2022-10-26,5473.65,P2074
6181,2021-11-30,4634.94,P2059
6182,2024-04-21,3737.0,P2082
6183,2023-07-09,895.67,P2039
6184,2023-03-27,1058.48,P2034
6185,2024-10-15,6739.59,P2007
6186,2021-10-08,912.57,P2058
6187,2021-01-05,3689.96,P2048
6188,2024-01-19,6040.33,P2061
6189,2024-06-18,4895.48,P2013
6190,2024-08-03,6443.72,P2052
6191,2021-07-05,3586.16,P2029
6192,2024-05-07,2968.82,P2092
6193,2024-02-03,4239.81,P2093
6194,2022-04-22,2084.74,P2002
6195,2021-05-04,2022.87,P2018
6196,2022-05-29,1793.85,P2006
6197,2024-02-02,5394.88,P2089
6198,2021-01-13,2556.81,P2085
6199,2023-01-27,1892.61,P2034
6200,2023-01-14,1027.63,P2032
6201,2022-02-20,3720.55,P2044
6202,2021-11-01,1632.22,P2002
6203,2022-12-01,3479.2,P2056
6204,2024-11-23,488.02,P2013
6205,2023-10-07,572.44,P2002
6206,2024-07-19,5915.84,P2024
6207,2024-11-30,3971.93,P2049
6208,2024-03-25,6294.53,P2090
6209,2024-07-04,1636.15,P2099
6210,2021-12-20,5452.33,P2005
6211,2021-06-15,6792.55,P2045
6212,2022-03-19,1259.01,P2027
6213,2023-08-24,6363.84,P2038
6214,2021-04-22,955.04,P2079
6215,2021-02-08,5421.73,P2061
6216,2022-11-15,6496.13,P2033
6217,2022-04-25,350.53,P2003
6218,2023-08-13,3175.6,P2024
6219,2022-09-19,896.17,P2009
6220,2023-02-16,3529.54,P2002
6221,2021-07-29,4004.16,P2015
6222,2023-04-03,5187.8,P2065
6223,2022-09-30,3637.29,P2033
6224,2023-11-23,781.96,P2018
6225,2024-04-23,4709.7,P2044
6226,2024-04-09,4999.74,P2030
6227,2023-01-11,1912.64,P2097
6228,2022-03-15,4431.51,P2056
6229,2022-04-02,1896.73,P2085
6230,2021-09-28,4195.28,P2096
6231,2024-12-14,2647.12,P2065
6232,2022-02-17,4036.03,P2023
6233,2024-08-27,947.04,P2025
6234,2023-09-20,5346.31,P2074
6235,2021-10-10,3597.58,P2045
6236,2022-04-19,5085.49,P2059
6237,2022-01-02,678.9,P2021
6238,2021-12-08,3456.97,P2072
6239,2021-03-12,6395.98,P2062
6240,2024-01-08,4893.26,P2099
6241,2021-03-25,1473.81,P2100
6242,2023-02-24,3474.85,P2030
6243,2022-07-02,719.44,P2080
6244,2024-06-14,6244.71,P2032
6245,2023-09-03,1142.48,P2075
6246,2024-08-30,5896.38,P2056
6247,2023-06-15,2278.18,P2079
6248,2021-06-01,4094.19,P2048
6249,2021-02-02,5874.31,P2007
6250,2023-10-26,5549.88,P2004
6251,2021-11-05,6775.33,P2100
6252,2022-04-08,3476.39,P2037
6253,2024-10-09,2193.86,P2014
6254,2024-11-25,1516.93,P2082
6255,2022-09-17,2122.53,P2095
6256,2023-07-13,1804.21,P2060
6257,2021-02-14,1689.69,P2043
6258,2024-11-28,1908.45,P2012
6259,2023-04-08,2661.59,P2059
6260,2022-07-06,3681.19,P2098
6261,2021-04-09,3964.74,P2044
6262,2022-02-24,2466.01,P2052
6263,2023-10-29,6874.65,P2033
6264,2021-08-25,5621.96,P2083
6265,2023-05-24,3389.78,P2007
6266,2021-08-06,3111.33,P2085
6267,2021-10-16,5046.73,P2100
6268,2024-08-09,2136.21,P2036
6269,2021-11-08,4821.94,P2067
6270,2024-05-30,3552.46,P2022
6271,2022-07-09,3154.22,P2013
6272,2021-06-06,2064.46,P2057
6273,2023-09-01,1972.66,P2002
6274,2023-07-31,1676.91,P2061
6275,2022-07-09,565.54,P2092
6276,2022-07-14,5192.74,P2071
6277,2022-07-24,255.17,P2015
6278,2021-01-28,5821.5,P2074
6279,2021-11-15,4753.38,P2057
6280,2022-08-08,2100.73,P2050
6281,2021-06-05,3861.73,P2084
6282,2021-04-26,636.24,P2052
6283,2021-09-26,988.29,P2079
6284,2022-01-24,1180.78,P2084
6285,2022-06-13,3040.02,P2057
6286,2021-06-21,6286.65,P2041
6287,2021-06-04,1599.61,P2030
6288,2022-08-05,548.1,P2098
6289,2021-05-16,6173.4,P2034
6290,2024-07-23,3962.52,P2041
6291,2021-11-05,5989.85,P2005
6292,2021-11-16,1609.34,P2013
6293,2023-02-06,785.06,P2058
6294,2022-11-26,2587.37,P2026
6295,2023-03-14,178.75,P2035
6296,2024-06-30,6396.63,P2062
6297,2024-10-11,6465.45,P2068
6298,2023-08-30,5103.05,P2098
6299,2023-05-21,503.02,P2013
6300,2021-10-05,4163.05,P2069
6301,2021-10-25,6962.96,P2083
6302,2022-10-14,397.12,P2083
6303,2024-08-05,4095.91,P2089
6304,2021-01-19,6064.77,P2041
6305,2021-08-31,3359.44,P2062
6306,2021-12-08,2949.99,P2036
6307,2023-05-10,6212.64,P2092
6308,2023-10-25,4560.76,P2072
6309,2023-04-27,5743.95,P2070
6310,2024-10-10,5804.49,P2011
6311,2022-01-19,2785.94,P2045
6312,2022-02-04,6736.95,P2081
6313,2022-06-25,4974.05,P2041
6314,2022-03-27,6595.77,P2043
6315,2022-01-18,4113.95,P2015
6316,2022-01-11,2624.35,P2007
6317,2024-08-18,6027.65,P2011
6318,2023-03-14,5608.02,P2056
6319,2022-03-07,1122.92,P2091
6320,2022-09-03,3840.93,P2097
6321,2023-09-20,6118.17,P2092
6322,2023-10-12,1287.59,P2010
6323,2024-10-07,792.56,P2079
6324,2023-12-30,1210.19,P2060
6325,2021-01-11,2078.39,P2037
6326,2021-07-28,5207.09,P2009
6327,2022-05-13,167.07,P2057
6328,2024-03-05,5833.82,P2075
6329,2022-09-30,1438.14,P2081
6330,2024-05-09,4795.39,P2038
6331,2023-01-02,6971.62,P2056
6332,2021-02-23,2342.69,P2026
6333,2022-10-30,3378.63,P2099
6334,2024-01-09,2669.95,P2070
6335,2023-04-10,5296.28,P2075
6336,2023-02-03,1118.51,P2082
6337,2021-12-09,5737.55,P2099
6338,2022-08-11,2183.74,P2001
6339,2024-05-05,5587.72,P2007
6340,2024-02-17,5605.5,P2089
6341,2024-10-11,2655.11,P2089
6342,2023-04-20,4512.53,P2027
6343,2024-10-25,3555.34,P2014
6344,2024-06-29,728.86,P2019
6345,2021-10-29,1690.38,P2098
6346,2021-09-18,6106.23,P2075
6347,2021-04-28,6773.33,P2095
6348,2022-09-17,5369.48,P2034
6349,2024-12-10,3658.01,P2078
6350,2023-07-05,5784.68,P2092
6351,2024-06-23,909.86,P2046
6352,2022-08-29,3842.96,P2068
6353,2021-05-05,1700.97,P2075
6354,2023-06-22,3580.36,P2039
6355,2022-12-09,314.18,P2099
6356,2023-02-24,3751.16,P2019
6357,2024-07-28,6335.7,P2067
6358,2021-04-14,4227.63,P2061
6359,2024-02-02,758.74,P2082
6360,2022-07-28,846.66,P2060
6361,2022-02-17,1670.82,P2048
6362,2023-09-23,4867.63,P2068
6363,2022-11-18,4292.11,P2065
6364,2024-01-15,718.31,P2036
6365,2023-01-25,627.64,P2014
6366,2023-10-25,1304.93,P2018
6367,2024-06-27,5467.46,P2014
6368,2024-07-24,6807.92,P2074
6369,2021-08-27,5901.79,P2094
6370,2024-05-01,3326.26,P2047
6371,2024-01-09,4097.13,P2068
6372,2021-01-01,813.96,P2053
6373,2023-11-25,2660.97,P2061
6374,2022-12-30,1498.03,P2065
6375,2021-04-22,3005.21,P2024
6376,2021-01-23,6696.43,P2020
6377,2021-01-07,5387.29,P2077
6378,2024-05-26,3321.29,P2089
6379,2024-06-01,3391.27,P2028
6380,2024-08-18,1058.17,P2073
6381,2021-05-30,4319.96,P2044
6382,2021-08-21,768.47,P2024
6383,2021-02-07,531.06,P2086
6384,2021-10-24,1373.7,P2096
6385,2023-09-12,2169.86,P2083
6386,2023-01-06,6257.78,P2083
6387,2022-10-07,6749.56,P2044
6388,2024-02-09,2635.62,P2023
6389,2023-02-01,1986.1,P2093
6390,2021-03-13,556.37,P2064
6391,2022-09-11,1697.71,P2077
6392,2023-01-27,956.27,P2003
6393,2023-09-09,5953.45,P2007
6394,2024-05-24,1324.29,P2036
6395,2023-05-05,6835.7,P2067
6396,2023-07-13,2109.54,P2094
6397,2021-12-29,322.42,P2011
6398,2021-05-10,2791.69,P2013
6399,2023-12-22,2094.93,P2005
6400,2024-03-29,1895.51,P2095
6401,2023-05-25,3034.85,P2016
6402,2023-04-29,4744.08,P2005
6403,2022-10-19,2283.48,P2078
6404,2022-10-25,4944.11,P2086
6405,2022-07-21,3096.86,P2097
6406,2022-08-28,5498.82,P2045
6407,2024-07-26,4630.05,P2090
6408,2021-01-26,4869.53,P2037
6409,2022-02-13,5336.86,P2063
6410,2023-09-06,3050.83,P2074
6411,2023-03-05,2397.19,P2024
6412,2021-11-23,5626.94,P2090
6413,2024-11-29,2674.07,P2063
6414,2022-07-16,1609.87,P2095
6415,2024-12-08,4888.82,P2031
6416,2022-05-27,613.8,P2059
6417,2022-06-15,2303.53,P2036
6418,2024-05-15,2687.49,P2006
6419,2024-07-30,6020.34,P2097
6420,2022-10-12,3365.7,P2072
6421,2022-05-26,3740.46,P2052
6422,2022-03-26,592.65,P2091
6423,2023-10-11,2711.0,P2045
6424,2024-02-10,5172.83,P2051
6425,2024-10-03,1442.01,P2014
6426,2024-06-13,4110.42,P2056
6427,2024-11-02,5523.25,P2061
6428,2021-08-03,5786.54,P2047
6429,2023-12-29,1229.89,P2084
6430,2023-01-29,1357.79,P2080
6431,2023-03-17,3541.11,P2059
6432,2021-03-31,289.14,P2079
6433,2021-12-23,4920.13,P2086
6434,2024-09-12,3241.37,P2028
6435,2022-06-18,4911.51,P2065
6436,2022-03-03,322.76,P2015
6437,2022-03-13,215.03,P2050
6438,2024-02-05,4486.09,P2028
6439,2024-05-22,2863.68,P2001
6440,2021-09-26,245.5,P2085
6441,2024-04-11,6391.35,P2015
6442,2024-08-17,5155.7,P2060
6443,2024-03-07,6052.16,P2027
6444,2021-06-18,4205.42,P2086
6445,2022-05-18,548.27,P2062
6446,2022-08-14,6479.79,P2009
6447,2024-01-20,232.73,P2094
6448,2024-08-10,6238.39,P2039
6449,2022-09-17,155.38,P2038
6450,2021-01-20,576.28,P2085
6451,2021-07-30,2364.68,P2078
6452,2024-12-02,2494.39,P2066
6453,2024-03-03,3503.25,P2072
6454,2021-06-16,5723.8,P2013
6455,2022-04-08,1390.63,P2076
6456,2021-06-14,5335.27,P2016
6457,2024-10-04,5279.51,P2058
6458,2021-07-13,3691.46,P2026
6459,2022-04-03,5625.6,P2054
6460,2022-02-02,6493.08,P2084
6461,2021-08-18,983.14,P2044
6462,2022-06-24,2454.33,P2027
6463,2023-10-30,3322.33,P2077
6464,2022-06-11,5263.37,P2098
6465,2024-09-05,2439.54,P2027
6466,2021-08-24,6178.81,P2027
6467,2022-12-23,2427.25,P2003
6468,2023-08-19,5812.64,P2080
6469,2024-03-26,3008.57,P2077
6470,2021-11-26,4425.21,P2050
6471,2022-11-11,3641.2,P2048
6472,2021-04-06,3168.49,P2050
6473,2022-10-11,5835.14,P2061
6474,2022-03-27,5005.23,P2073
6475,2021-06-02,4800.81,P2054
6476,2023-07-06,3645.04,P2058
6477,2023-11-25,1608.21,P2032
6478,2024-04-08,4478.6,P2065
6479,2024-01-09,3944.63,P2039
6480,2022-09-28,1526.21,P2066
6481,2024-06-11,1896.46,P2028
6482,2023-04-10,432.3,P2078
6483,2021-10-31,3509.93,P2002
6484,2021-04-02,6700.46,P2002
6485,2023-08-29,2420.19,P2088
6486,2024-05-23,6114.86,P2063
6487,2022-05-09,45.1,P2034
6488,2022-06-05,3901.31,P2035
6489,2022-05-24,6195.1,P2070
6490,2022-10-18,4786.75,P2003
6491,2024-07-19,1738.99,P2044
6492,2022-03-15,4928.88,P2059
6493,2023-10-16,2969.93,P2096
6494,2023-07-30,5783.31,P2043
6495,2024-10-09,462.13,P2020
6496,2022-05-05,3129.87,P2005
6497,2021-06-13,6291.47,P2009
6498,2024-11-14,3503.62,P2034
6499,2023-08-20,3833.89,P2098
6500,2021-11-11,269.23,P2068
